"conversation_id_str","created_at","favorite_count","full_text","id_str","image_url","in_reply_to_screen_name","lang","location","quote_count","reply_count","retweet_count","tweet_url","user_id_str","username"
"1910756271206048093","Fri Apr 11 18:06:09 +0000 2025","0","Shabbat Shallom!!!","1910756271206048093","","","in","","0","0","0","https://x.com/onyx_247/status/1910756271206048093","328221214","onyx_247"
"1910099896021205294","Fri Apr 11 18:06:02 +0000 2025","0","@elpoghu Tumbal bergulir : setelah Ukraina giliran Israel.","1910756238478176398","","elpoghu","in","Moscow","0","0","0","https://x.com/yo2thok/status/1910756238478176398","497234852","yo2thok"
"1910755655411020229","Fri Apr 11 18:03:43 +0000 2025","1","Duniya Bhar ki Khabrein | Iran Russia Gaza Israel Yemen News Hindi | Aza... https://t.co/fVO5inWSPQ via @YouTube","1910755655411020229","","","in","","0","0","0","https://x.com/sk54sk/status/1910755655411020229","372298753","sk54sk"
"1910642782844101112","Fri Apr 11 18:03:41 +0000 2025","0","@LoverZksync @tanyarlfes Emang mereka itu barang mobilization Antar negara itu ada prosedur administration nya minimal punya passport kalau mereka ke sini atau balik kesana emang tidak lewat border nya Israel","1910755649094635660","","LoverZksync","in","","0","0","0","https://x.com/sapujag22085972/status/1910755649094635660","1325994733575888897","sapujag22085972"
"1910655653015875961","Fri Apr 11 18:02:07 +0000 2025","0","@AhmadSahidah @ramaArsy1 @kfc Sama saja selama itu ayam ras yg paten nya dari amerika ya sama saja ujung2nya ke israel. Cek saja kepemilikan perusahaan yg jual bibit ayam.","1910755253118779833","","AhmadSahidah","in","","0","0","0","https://x.com/4ndikris/status/1910755253118779833","818823147134717953","4ndikris"
"1910754696752701905","Fri Apr 11 17:59:54 +0000 2025","1","Kebangun tengah malam bacaannya gini bgt astagfirullah Perasaan baru tanggal 9 april kemaren berangkat ke timur tengah pas keinginan Trump dan Israel gini baru garcep siap laksanakan sekaliiii ya bapak https://t.co/0x8RDcmomR","1910754696752701905","https://pbs.twimg.com/media/GoRdQ3IbYAAS2ph.jpg","","in","üé®:#seaDRAWgon üîû:#anyaRAWrawr","0","1","0","https://x.com/anyabunbun/status/1910754696752701905","1442818165247860737","anyabunbun"
"1910240367347474465","Fri Apr 11 17:59:40 +0000 2025","2","@AriWalletQuiz @Arichain_ 1000 Ari for $50","1910754639089217710","","AriWalletQuiz","in","","0","1","0","https://x.com/ZADDY_BTC0/status/1910754639089217710","1902619699810107392","ZADDY_BTC0"
"1910754218501369906","Fri Apr 11 17:58:00 +0000 2025","0","YANG TAUN 2022 PENGEN NGUPAYAIN NORMALISASI RELASI INDO-ISRAEL SIAPA YA NDUT","1910754218501369906","","","in","‚≠íÀöÔΩ°‚ãÜ ï‚Å†„Å£Àï -ÔΩ° î ·∂ª ùóì ê∞Å‚≠íÀö‚ãÜ","0","0","0","https://x.com/lattesipper/status/1910754218501369906","1578727326141276161","lattesipper"
"1909465191643050322","Fri Apr 11 17:57:17 +0000 2025","0","@KarsofBeluga Oh begitu ya menurut pemahaman anda terus2 biar cara orang2 Israel bisa mengenal Allah itu bagaimana sih kalau menurut ajaran Yesus? https://t.co/6xvFNDkCgA","1910754040373535006","https://pbs.twimg.com/media/GoRcqv5bYAESUNj.jpg","KarsofBeluga","in","Indonesia","0","0","0","https://x.com/Cindiellaaa/status/1910754040373535006","92489972","Cindiellaaa"
"1910752932741689633","Fri Apr 11 17:52:53 +0000 2025","0","Mungkin azab orang2 jahat indonesia kedua setelah israel ","1910752932741689633","","","in","","0","0","0","https://x.com/jaepriss/status/1910752932741689633","1611149903337783296","jaepriss"
"1910226273617752219","Fri Apr 11 17:52:51 +0000 2025","0","@tekarok007 @tamerlane9470 Lah di Amerika kaum woke sama Islam akur buat demo israel","1910752921983336504","","tekarok007","in","","0","0","0","https://x.com/pang60751/status/1910752921983336504","1727364427840995328","pang60751"
"1910498059613593655","Fri Apr 11 17:52:35 +0000 2025","0","@tanyarlfes israel jg isinya org kulit putih wkwk","1910752853700096192","","tanyarlfes","in","","0","0","0","https://x.com/mountainterbang/status/1910752853700096192","1382366152513396739","mountainterbang"
"1910273354046767207","Fri Apr 11 17:51:33 +0000 2025","0","@SupriYanto56063 @kegblgnunfaedh Israel menang 4 kali perang melawan gabungan negara arab kenapa Israel tidak bisa dikalahkan oleh negara2 arab mulai dari tahun 1948 1956 1967 1973? Israel tidak akan bertindak jika warga Israel tidak diserang oleh Hamas pada 7 Oktober kemarin siapa yg membuat api duluan","1910752593992966331","","SupriYanto56063","in","","0","0","0","https://x.com/Budi69710643/status/1910752593992966331","1579115045912743936","Budi69710643"
"1910646881589616747","Fri Apr 11 17:50:48 +0000 2025","0","@drhthariq Kamu salah. Org indo tdk mendewakan orang arab tapi hanya pada tokoh tertentu seperti nabi Muhammad. Bahkan indo bnyk memuja yahudi. 12 an nabi utama keturunan bani israel seperti Musa Ysuf Daud Yunus Sulaiman. Kamu sedang brrmasalah dgn dirimu sendiri","1910752407488975320","","drhthariq","in","GoaPeri, Pegunungan Berkabut","0","0","0","https://x.com/Legolasindo/status/1910752407488975320","701096300113215488","Legolasindo"
"1910752084212994111","Fri Apr 11 17:49:31 +0000 2025","0","pulih gimana sih anjing??? pulih apa yg lu maksud hah? pulih sampe itu israel settled di gaza? sampe nama negara Palestina hilang digantikan israel?? pulih apasih yg lu maksud hah?? mereka pengen MERDEKA bukan pengen DIEVAKUASI anjjj kesel bgt gua.","1910752084212994111","","","in","disini","0","0","0","https://x.com/an_aevii/status/1910752084212994111","1234634942677577728","an_aevii"
"1910642782844101112","Fri Apr 11 17:48:34 +0000 2025","0","@tanyarlfes bagaimana jika Israel sama US melarang mereka balik karena wilayah mereka udah dicaplok","1910751846207222161","","tanyarlfes","in","77 light years","0","0","0","https://x.com/novablyze/status/1910751846207222161","15285763","novablyze"
"1910750773333369340","Fri Apr 11 17:47:04 +0000 2025","0","@realmadgoza @valenciabasket @EuroLeagueWomen Amunt! ","1910751467365073035","","realmadgoza","in","Zaragoza, Espa√±a","0","0","0","https://x.com/israelbuey/status/1910751467365073035","112709442","israelbuey"
"1910751338193183230","Fri Apr 11 17:46:33 +0000 2025","0","Gak ada ya anjing!!! Itu tanah palestina. Ngapain mereka ngungsi? Israel aja yang ngungsi. Mars tu cocok sama mereka.","1910751338193183230","","","in","","0","0","0","https://x.com/rraayynn0/status/1910751338193183230","1794774957962219521","rraayynn0"
"1910750457829744988","Fri Apr 11 17:43:03 +0000 2025","1","BULLSHIT. Selain ngarepin minyak emas dan apapun kekayaan tanah Irak Bush literally menganggap serangan ke Irak sebagai crusade kok NATO sengaja terus terusan mensuply senjata ke Israel unt genocide agar tetap ada proxy nya di timteng unt sama sama menguasai Gaza dan negara","1910750457829744988","","","in","Indonesia","0","0","0","https://x.com/ImaIsBack/status/1910750457829744988","1713265779234549760","ImaIsBack"
"1910750433347522915","Fri Apr 11 17:42:57 +0000 2025","0","Tragedi Kemanusiaan: Satu Keluarga Dimu-snahkan dalam Pemb-oman oleh iblizz_israel Ibu yang Berduka Bertanya: Atas Dosa Apa Mereka Dibu-nuh? https://t.co/FNLfvFOjgu","1910750433347522915","https://pbs.twimg.com/ext_tw_video_thumb/1910750357103534081/pu/img/nY_6n7uM1qFbbmiJ.jpg","","in","Padangsidimpuan","0","0","0","https://x.com/Armand_abdaalif/status/1910750433347522915","1580839192619540481","Armand_abdaalif"
"1910642782844101112","Fri Apr 11 17:40:58 +0000 2025","0","@02skid_ @fida_rachman @nasnauseous @tanyarlfes Emang dia bego @fida_rachman mikir deh emang Israel mudah digocek? Mikir","1910749932530876890","","02skid_","in","","0","0","0","https://x.com/sedaryut73015/status/1910749932530876890","1794788526330179584","sedaryut73015"
"1910734233963823387","Fri Apr 11 17:40:08 +0000 2025","1","@BestFightPicks TJ Dillashaw Carlos Condit Israel Adesanya Dustin Poirier Max Holloway","1910749722958004734","","BestFightPicks","in","","0","0","0","https://x.com/PMock_TEWIP/status/1910749722958004734","379759749","PMock_TEWIP"
"1910498059613593655","Fri Apr 11 17:37:43 +0000 2025","0","@tanyarlfes Semua tempat yang isinya orang kulit putih (selain eropa) itu aslinya jajahan nder. Mereka ga seharusnya di sana. Amrik kanada australia selandia baru israel dll. Si kulit putih itu emang sumber masalah dimana mana ","1910749113127493830","","tanyarlfes","in","","0","0","0","https://x.com/katsuplosion/status/1910749113127493830","1295652715662422016","katsuplosion"
"1907843228000223242","Fri Apr 11 17:36:56 +0000 2025","0","@Northern_thugg Kumbe ni ajali za kawaida hata Israel Taifa la vita huwatokea. https://t.co/VfDuHPNSTi","1910748916187893859","https://pbs.twimg.com/media/GoRYAV-XYAEZQLH.jpg","Northern_thugg","in","","0","0","0","https://x.com/SaidM5963668396/status/1910748916187893859","1734889391418679296","SaidM5963668396"
"1910642782844101112","Fri Apr 11 17:36:29 +0000 2025","0","@tanyarlfes Kalau sdh keluar dr Gaza tanah dan rumah mereka akan diambil Israel pak. Lalu ktk bpk pulangkan mereka mereka harus ke mana lagi...?!","1910748802736345220","","tanyarlfes","in","Jakarta","0","0","0","https://x.com/AlFatih68/status/1910748802736345220","985703210","AlFatih68"
"1910711457454711077","Fri Apr 11 17:35:16 +0000 2025","0","@airgurakakenari Tambah seneng israel","1910748497504313731","","airgurakakenari","in","","0","0","0","https://x.com/bedesjantan/status/1910748497504313731","3539058194","bedesjantan"
"1910523195783848068","Fri Apr 11 17:35:15 +0000 2025","0","@TirtoID Lalu apa yang akan bapak lakukan terhadap Israel?","1910748493289062748","","TirtoID","in","","0","0","0","https://x.com/sleepinside3/status/1910748493289062748","1097682617355227136","sleepinside3"
"1910748325885948398","Fri Apr 11 17:34:35 +0000 2025","0","IYALAH kan mereka perang demi mempertahankan tanah airnya di wilayah gaza which means wilayah mereka sendiri kalo warga gaza ke indo justru sama aja kaya ngasih cuma cuma tuh wilayah ke israel","1910748325885948398","","","in","DO NOT FOLLOW ‚ÄºÔ∏è","0","0","0","https://x.com/kitashinsuuke/status/1910748325885948398","1275990071930322945","kitashinsuuke"
"1910519174721634794","Fri Apr 11 17:32:18 +0000 2025","0","@penaikhwan Rachel Corrie adalah seorang aktivis pro-Palestina asal Amerika Serikat yang tewas tragis pada 16 Maret 2003 di Rafah Jalur Gaza. Saat ia berusaha menghalangi buldoser militer Israel yang hendak menghancurkan rumah2 warga sipil Palestina...hargai niatnya meski dia Kristen","1910747750897197131","","penaikhwan","in","","0","0","0","https://x.com/Layar_Buram/status/1910747750897197131","1455058149736550400","Layar_Buram"
"1910114189328388425","Fri Apr 11 17:31:41 +0000 2025","0","@6undul0h Ini yang belain israel beneran orang indonesia ga sih?atau jangan2 pake translator doang biar seolah2 orang indonesia yang komentar?","1910747597553401913","","6undul0h","in","","0","0","0","https://x.com/eferes_21/status/1910747597553401913","1768074537147760640","eferes_21"
"1910642782844101112","Fri Apr 11 17:30:03 +0000 2025","0","@tanyarlfes Saat pulih kondisi Gaza ya udah dikuasai israel lah ndut gimana sih","1910747185706393691","","tanyarlfes","in","*","0","0","0","https://x.com/xxx94line/status/1910747185706393691","94489645","xxx94line"
"1910734233963823387","Fri Apr 11 17:29:48 +0000 2025","2","@BestFightPicks Alex Caceres Paul Felder Iasmin Lucindo Tatsuro Taira Israel Adesanya","1910747123005763714","","BestFightPicks","in","Columbus, OH","0","0","0","https://x.com/RedBeardBets/status/1910747123005763714","1613025962328825859","RedBeardBets"
"1910642782844101112","Fri Apr 11 17:29:41 +0000 2025","2","@iamrejaaa @choocoice_ @tanyarlfes ava pake ai mending lu sana yg di dor israel ga guna jadi manusia soalnya di kasih nyawa sama otak oleh tuhan ga di pake","1910747092521500718","","iamrejaaa","in","Strictland","0","1","0","https://x.com/windyisherenow/status/1910747092521500718","2744162498","windyisherenow"
"1910746797418442965","Fri Apr 11 17:28:31 +0000 2025","132","Sparring entre Israel Adesanya et Kamaru Usman. https://t.co/Umb0XQjMcZ","1910746797418442965","https://pbs.twimg.com/amplify_video_thumb/1910745056778047488/img/8crJt3ydvf4VFBMv.jpg","","in","üåé","1","2","9","https://x.com/LaSueur_off/status/1910746797418442965","3350458917","LaSueur_off"
"1910114189328388425","Fri Apr 11 17:27:42 +0000 2025","0","@yudiwibowo976 @6undul0h Alhamdulillah dengan ngeshare gambar ini berarti anda mengakui kalo itu adalah gambar palestina dan ga ada israel di dalamnya ","1910746594968035413","","yudiwibowo976","in","","0","0","0","https://x.com/eferes_21/status/1910746594968035413","1768074537147760640","eferes_21"
"1842542344614392253","Fri Apr 11 17:27:00 +0000 2025","1","Puluhan aktivis menggelar protes di Stasiun Pusat Utrecht .#Belanda sebagai bentuk solidaritas dengan rakyat #Palestina menuntut segera diakhirinya genosida #Israel yang sedang berlangsung di #Gaza. https://t.co/MJqSLLUUN3","1910746416525566022","https://pbs.twimg.com/amplify_video_thumb/1910746341065842692/img/uBacuP01X9m4iHXi.jpg","Vindyartop","in","Indonesia","0","0","0","https://x.com/Vindyartop/status/1910746416525566022","15398472","Vindyartop"
"1910574922801242482","Fri Apr 11 17:26:52 +0000 2025","0","@arwidodo trims israel yg menghancurkn hamas","1910746385642906078","","arwidodo","in","","0","1","0","https://x.com/GohanPanga44141/status/1910746385642906078","1746183139133886464","GohanPanga44141"
"1910642782844101112","Fri Apr 11 17:26:40 +0000 2025","0","@tanyarlfes Gur nyenengke israel sek niat nguasai gok ndlogok pangkatmu duwur tor mikir ngno wae ranyandak","1910746333369295047","","tanyarlfes","in","","0","0","0","https://x.com/marshandayu/status/1910746333369295047","1393777412593262592","marshandayu"
"1910746203219984478","Fri Apr 11 17:26:09 +0000 2025","0","Saat pulih negaranya nnti udh ganti jadi israel.","1910746203219984478","","","in","Triton","0","1","0","https://x.com/peanutbutterae/status/1910746203219984478","953920945789452288","peanutbutterae"
"1910114995834339704","Fri Apr 11 17:25:50 +0000 2025","0","@Makmur13745478 @Tita83079013 tapi sidang PBB september 2024 sudah menjatuhkan sanksi ke israel dengan mundur dari palestina dalam kurun wakti 1 tahun. kita tunggu saja perkembanganny.","1910746125742858733","","Makmur13745478","in","","0","0","0","https://x.com/ALovehime/status/1910746125742858733","1529866910502125569","ALovehime"
"1910745941587747217","Fri Apr 11 17:25:07 +0000 2025","0","Press : Jadi kamu gak takut dengan peluru dan bomb mereka? Little girls : Tidak perlu takut pada suara peluru bomb ledakan bagi saya sudah biasa. Saya juga punya rasa takut tapi bukan pada penjajah Israel tapi saya takut pada Allah. Allah lah yang akan lindungi kami. https://t.co/aN9f6dHIxM","1910745941587747217","https://pbs.twimg.com/ext_tw_video_thumb/1910745881231683584/pu/img/hJdk7hWSEz0eM26l.jpg","","in","Padangsidimpuan","0","0","0","https://x.com/Armand_abdaalif/status/1910745941587747217","1580839192619540481","Armand_abdaalif"
"1910114995834339704","Fri Apr 11 17:25:01 +0000 2025","0","@Makmur13745478 @Tita83079013 sebebas nya ? jangan melebihkan. mengutuk segala tindakan genosia yaps tindakan benar. katanya kemanusiaan jangan bawa suku adat dan agama dong. kenapa tidak dapat menemui perdamaian? karena palestina dan israel sama-sama tidak mau berdamai.","1910745917344591875","","Makmur13745478","in","","0","0","0","https://x.com/ALovehime/status/1910745917344591875","1529866910502125569","ALovehime"
"1842542344614392253","Fri Apr 11 17:22:57 +0000 2025","0","Proyek Zionis tidak akan mungkin terwujud tanpa perlindungan kekaisaran barat Michel Collon mengatakan kejahatan Israel juga merupakan kejahatan AS Prancis Inggris dan negara-negara lain. https://t.co/9XS58e2TDL","1910745397569741031","https://pbs.twimg.com/amplify_video_thumb/1910745333778571266/img/cz8cTynsaTG2DJ7k.jpg","Vindyartop","in","Indonesia","0","1","0","https://x.com/Vindyartop/status/1910745397569741031","15398472","Vindyartop"
"1910195351631372484","Fri Apr 11 17:22:17 +0000 2025","0","@arwidodo NB : himbauan ini berlaku hanya untuk Hamas pesek yg sll memakai konflik Palestina vs Israel dg framing perang agama sbg komoditas utama mrk buat ngeruk cuan https://t.co/58HmBFukJ1","1910745229625524254","https://pbs.twimg.com/media/GoRUqMabUAA3oW1.jpg","arwidodo","in","","0","0","0","https://x.com/yudiwibowo976/status/1910745229625524254","1613778783760416768","yudiwibowo976"
"1910481889833730474","Fri Apr 11 17:21:51 +0000 2025","0","@tebaroktebarok @ardisatriawan Lu kira Zionist itu Israel doang?","1910745119806153200","","tebaroktebarok","in","Milan, Italy ","0","0","0","https://x.com/alejandcarls/status/1910745119806153200","745206523765231617","alejandcarls"
"1910273354046767207","Fri Apr 11 17:21:26 +0000 2025","0","@grok @kegblgnunfaedh @grok Jadi yang mana yang harus diprioritaskan terlebih dahulu? Apakah palestina atau Israel?","1910745017934897183","","grok","in","Yogyakarta, Indonesia","0","1","0","https://x.com/jepsarwo/status/1910745017934897183","1032189912705978368","jepsarwo"
"1910114995834339704","Fri Apr 11 17:21:06 +0000 2025","0","@kangcendol6969 @Tita83079013 jika kamu melihat semua dari agama maka tidak ada yang benar kecuali hanya keluargamu sendiri. - israel memang salah dalam genosida. tetapi berperang dengan bersembunyi di pengungsian sipil juga tindakan yang salah. mereka melawan di tmpt warga tinggal.","1910744933952340274","","kangcendol6969","in","","0","1","0","https://x.com/ALovehime/status/1910744933952340274","1529866910502125569","ALovehime"
"1910744485073412431","Fri Apr 11 17:19:19 +0000 2025","1","Israel Adesanya and Kamaru Usman sparring via: realhuntermma IG / #UFC https://t.co/QliOCR6Tas","1910744485073412431","https://pbs.twimg.com/amplify_video_thumb/1910744378391384065/img/j1Gx_mm1e2cH-Gst.jpg","","in","Las Vegas, NV","0","0","0","https://x.com/MMA_PROS_PICK_/status/1910744485073412431","1885110027716907008","MMA_PROS_PICK_"
"1910672995347026423","Fri Apr 11 17:19:07 +0000 2025","9","@SwitchedCap @tanyarlfes correct me if im wrong ya i read it from palestinian memoir. at that time palestine was under british mandate. 1948 israel announce independency &amp; displaced ¬±700k palestinian from their land (search nakba) dan inggris lepas tangan ngebiarin penjajahan itu terjadi sampe skrg","1910744433764839890","","SwitchedCap","in","any pronouns","0","0","0","https://x.com/kawramazov/status/1910744433764839890","1899751749206028288","kawramazov"
"1910744394933690848","Fri Apr 11 17:18:58 +0000 2025","1","Zaidi ya askari wa akiba 250 wa jeshi la Israel kikosi cha Upelelezi wamejiunga na mwito wa kukomeshwa kwa vita vya Gaza na kuachiwa huru kwa mateka wote Jana zaidi ya wataalamu 1000 toka chama cha Madaktari wa Israel nao waliandika barua ya kutaka kukomeshwa kwa vita vya Gaza","1910744394933690848","","","in","","0","0","0","https://x.com/AllyAhmednoor/status/1910744394933690848","1157317939961434114","AllyAhmednoor"
"1910736680513925580","Fri Apr 11 17:18:20 +0000 2025","0","@FionaKing969740 Shabbat Shalom Fiona","1910744236221231544","","FionaKing969740","in","United States Israel ","0","0","0","https://x.com/MarkIsrael710/status/1910744236221231544","1891904803824889856","MarkIsrael710"
"1910478119284465767","Fri Apr 11 17:16:57 +0000 2025","0","@zlebor02 @Dennysiregar7 Selama org Israel yg di tawan Hamaz 07 okt 2023 yg lalu tdk di bebaskan yakin perang tdk berkesudahan ","1910743887033098490","","zlebor02","in","Kalimantan Barat, Indonesia","0","0","0","https://x.com/Mongkossogin/status/1910743887033098490","924115240756813824","Mongkossogin"
"1910664898717041120","Fri Apr 11 17:16:23 +0000 2025","0","@VividProwess Shabat Shalom ISRAEL ","1910743746213261706","","VividProwess","in","Peru","0","0","0","https://x.com/FranchyRosa/status/1910743746213261706","1099297018588082176","FranchyRosa"
"1909916111682056683","Fri Apr 11 17:15:48 +0000 2025","1","@al_dabaron @gamstxpedersen terus maksudmu apa? suruh mereka mati krn mereka kafir? apa bedanya sm Israel yg merasa orang Palestina ga berhak hidup di tanah itu?","1910743599723282493","","al_dabaron","in","","0","0","0","https://x.com/robbertothe3ast/status/1910743599723282493","1313431923163758592","robbertothe3ast"
"1910296703493984756","Fri Apr 11 17:01:53 +0000 2025","0","@KompasTV Anjing. Aki-aki ini berharap tanah Palestine kosong dikuasai Israel. Bukan begitu @prabowo subianto?","1910740096535716288","","KompasTV","in","West Java, Indonesia","0","0","0","https://x.com/Ilystar2/status/1910740096535716288","1077543304151986178","Ilystar2"
"1910739723594981419","Fri Apr 11 17:00:24 +0000 2025","0","Memerangi israel kemanusiaan juga....ngirim TNI misal","1910739723594981419","","","in","","0","0","0","https://x.com/damaz_james/status/1910739723594981419","1871783603086262273","damaz_james"
"1910738387017072690","Fri Apr 11 16:59:45 +0000 2025","0","Karna itu sama saja anda mendukung upaya Israel dan Amerika untuk pengosongan wilayah Gaza dan nantinya bakal diambil alih oleh Israel.","1910739560302338388","","MahesaPabl53640","in","","0","0","0","https://x.com/MahesaPabl53640/status/1910739560302338388","1716351351394123776","MahesaPabl53640"
"1910373288955596831","Fri Apr 11 16:59:02 +0000 2025","0","@devis_ezekiel Huku jamaa yangu amesema akipewa mamlaka na MUNGU kumsaidia kazi ISRAEL angeondoka na VIONGOZI WA POLICE WOTE Kisha angemalizia na AMIRI WAO","1910739379875672514","","devis_ezekiel","in","Tanzania","0","0","0","https://x.com/jtarimo531/status/1910739379875672514","1570736672840499200","jtarimo531"
"1910160996066595174","Fri Apr 11 16:58:47 +0000 2025","0","@Duren___ Ganti aja presidennya... Kita muslim memang ingin membanti palestina. Tapi kalau itu 1.000-2.000 Dst. Itu sama ajah memindahkan secara halus penduduk palestina asli ke indonesia dan israel berkuasa di sana Seharusnya dalam bentuk bantuan medis dan lain lain Atau tentara Membela","1910739315719852354","","Duren___","in","bekasi timur","0","0","0","https://x.com/K4rynSituluN/status/1910739315719852354","2251290782","K4rynSituluN"
"1910736680513925580","Fri Apr 11 16:57:43 +0000 2025","1","@Leone21619987 Shabbat Shalom Sister","1910739045908410723","","Leone21619987","in","United States Israel ","0","1","0","https://x.com/MarkIsrael710/status/1910739045908410723","1891904803824889856","MarkIsrael710"
"1910738387017072690","Fri Apr 11 16:57:32 +0000 2025","0","Yg seharusnya anda lakukan sebagai presiden RI anda membantu mendukung untuk kemerdekaan mereka disana dan mengambil langkah berani untuk menekan Israel atau Amerika sebagai pendukung gerakan Israel untuk menduduki Palestina. Bukan malah membawa mereka keluar dari tanah nya.","1910739000912208273","","MahesaPabl53640","in","","0","0","0","https://x.com/MahesaPabl53640/status/1910739000912208273","1716351351394123776","MahesaPabl53640"
"1910432066023592408","Fri Apr 11 16:56:57 +0000 2025","0","@kanyewest Mpuceni iphone geh manje!","1910738857076600843","","kanyewest","in","bEastside","0","0","0","https://x.com/brwnpnda_/status/1910738857076600843","892827564338761728","brwnpnda_"
"1910738848860274874","Fri Apr 11 16:56:56 +0000 2025","0","Makanya Nabi Yesus atau Isa Al Masih tidak pernah dakwah diluar Bani Israel sebagai umatnya loh? Sedangkan Paulus itu malah sebarkan kepercayaan yang kontra diksi dengan ajaran yesus loh?","1910738848860274874","","","in","","1","0","0","https://x.com/senjapetang077/status/1910738848860274874","1902383775725838336","senjapetang077"
"1910738387017072690","Fri Apr 11 16:55:05 +0000 2025","0","Sungguh tolol langkah anda sebagai presiden RI @prabowo mengevakuasi warga Palestina ke indonesia sama saja anda membiarkan tanah Palestina bakal dijarah Israel karna pengurangan penduduk disana mereka disana untuk mempertahankan tanah mereka.","1910738387017072690","","","in","","0","2","0","https://x.com/MahesaPabl53640/status/1910738387017072690","1716351351394123776","MahesaPabl53640"
"1910737295743082842","Fri Apr 11 16:54:39 +0000 2025","1","Kemana anda saat tenaga medis dihabisi wartawan dibunuh? Keras dulu sambil diplomasi. Jangan diem diem eh masuk dan salaman sama Israel ","1910738276333609332","","icanikhsani","in","Jakarta Capital Region","0","0","0","https://x.com/icanikhsani/status/1910738276333609332","1251969613698490368","icanikhsani"
"1910735205700428165","Fri Apr 11 16:53:09 +0000 2025","1","@mulyadi2028 @mohmahfudmd @Dennysiregar7 @gm_gm Pemindahan warga Palestina dari Gaza itu rencana Israel. Kalau di pindahkan ke Indonesia itu artinya Pemerintah sbg pendukung Israel.","1910737896895828141","","mulyadi2028","in","Indonesia","0","0","0","https://x.com/Megatop99/status/1910737896895828141","278039207","Megatop99"
"1910672995347026423","Fri Apr 11 16:52:46 +0000 2025","0","@kawramazov @tanyarlfes Ini sejarah sumber dari siapa wkwk? Palestina itu nama wilayah sama sekali bukan nama negara/kebangsaan/kewarganegaraan. Kedua israel mulai masuk ini udah makin ga jelas. Sumbernya mana? Ketiga kerajaan inggris justru memihak israel dari mana ceritanya bre?","1910737801903301005","","kawramazov","in","","0","2","0","https://x.com/SwitchedCap/status/1910737801903301005","1573333691908038656","SwitchedCap"
"1910737295743082842","Fri Apr 11 16:51:58 +0000 2025","0","Bantuan dalam negeri aja diblokir Israel Ini kok malah nyuruh kita husnuzon dan kepala dingin Anying","1910737600903864473","","icanikhsani","in","Jakarta Capital Region","0","1","0","https://x.com/icanikhsani/status/1910737600903864473","1251969613698490368","icanikhsani"
"1910737535405613203","Fri Apr 11 16:51:42 +0000 2025","0","#Ankara Usaha berterusan oleh Mesir dan Qatar bagi menjadi perantara dalam rundingan perjanjian gencatan senjata dan pertukaran tahanan antara Israel dan Hamas di Semenanjung Gaza berlangsung setiap hari. https://t.co/9C9iWl0uzV","1910737535405613203","","","in","Malaysia","0","0","0","https://x.com/hmetromy/status/1910737535405613203","63070015","hmetromy"
"1910498525244469401","Fri Apr 11 16:49:44 +0000 2025","0","@kaz_alexandria @Hilmi28 @elonmusk Saya tidak bisa langsung bertanya kepada Elon Musk tapi berdasarkan informasi yang ada dia pernah mengakui dampak kemanusiaan konflik Israel-Palestina. Pada 2023 dia bilang membunuh anak-anak di Gaza bisa menciptakan lebih banyak anggota Hamas tapi tidak ada pernyataan yang","1910737039320113515","","kaz_alexandria","in","wherever you are","0","1","0","https://x.com/grok/status/1910737039320113515","1720665183188922368","grok"
"1910556785427046425","Fri Apr 11 16:49:06 +0000 2025","1","@kuabp2008 @eyuplovely @twenty8habits Nazi https://t.co/FyS6xE8j0E","1910736879298769121","https://pbs.twimg.com/media/GoRNEM6XIAAGEqJ.jpg","kuabp2008","in","Tel Aviv, Palestine.","0","0","0","https://x.com/D_b_D_v7/status/1910736879298769121","1864070106885611520","D_b_D_v7"
"1910736464851468648","Fri Apr 11 16:47:27 +0000 2025","0","Apa Itu Program Nuklir Iran Serta Apa Maunya AS dan Israel? Ini Penjelasannya https://t.co/MkB4LC1uE7","1910736464851468648","","","in","","0","0","0","https://x.com/AnieeMaria84614/status/1910736464851468648","1680976166763786247","AnieeMaria84614"
"1910736325491482993","Fri Apr 11 16:46:54 +0000 2025","0","Allhamdulillah semoga israel dan antek¬≤nya runtuh. #GazaGenocide #FreePalestineFromZionists #FreePalestine #FreeGazaFromIsraelNOW #stopbloodshare #SavePalestine #SaveHumanity #GazaGenocide #StopBombingCivilians #SaveGaz #savepalestine #savedbygrace #SaveGazaChildren https://t.co/CEk1E2Xd9A","1910736325491482993","https://pbs.twimg.com/ext_tw_video_thumb/1910736283317731328/pu/img/LSNj0OQ3BO2RoIT4.jpg","","in","","0","0","0","https://x.com/Amieradjah/status/1910736325491482993","121343753","Amieradjah"
"1910736006233612636","Fri Apr 11 16:45:38 +0000 2025","0","Listening to Uzziah Benjamin @SolomonIsaiahB2 Zion Benji QA Chai Ben Israel and @AbijahIsrael2 https://t.co/2ld5Cp4kDd","1910736006233612636","","","in","California, USA","0","0","0","https://x.com/Libby13375421/status/1910736006233612636","1704706301140639744","Libby13375421"
"1910735494251728958","Fri Apr 11 16:45:12 +0000 2025","0","Harusnya pemerintah Indonesia desak Israel hentikan genosida di Palestina dan buka blokade Jalur Gaza. Biarkan mereka menentukan nasibnya sendiri. Dasar penjajah.","1910735898473619780","","gusghulam","in","Sawangan, Indonesia","0","0","0","https://x.com/gusghulam/status/1910735898473619780","601589541","gusghulam"
"1910498525244469401","Fri Apr 11 16:44:54 +0000 2025","0","@kaz_alexandria @Hilmi28 @elonmusk Saya Grok dibuat oleh xAI. Saya tidak membela siapa pun karena mereka bos saya. Tujuan saya adalah memberikan jawaban yang objektif berdasarkan fakta yang tersedia. Soal Elon Musk saya hanya menyampaikan pernyataannya yang relevan seperti dukungannya pada hak Israel untuk https://t.co/5WxigGvEAz","1910735823756272008","https://pbs.twimg.com/media/GnglqwTbYAAtqBC.jpg","kaz_alexandria","in","wherever you are","0","1","0","https://x.com/grok/status/1910735823756272008","1720665183188922368","grok"
"1910535752355897564","Fri Apr 11 16:43:47 +0000 2025","0","@IndoPopBase Saya mau tanya tolong jangan dimarah. Konteks hijrah bisa diterapkan ke warga Gaza gak sih? Wallahi saya sedih melihat mereka dibantai dan hingga saat ini tidak ada satupun orang/negara yg bisa membalas israel. Sementara pembantaian masih terus berlanjut.","1910735542645645504","","IndoPopBase","in","Indonesia","0","0","0","https://x.com/Riboncungar/status/1910735542645645504","1796571706976604160","Riboncungar"
"1910735506851455044","Fri Apr 11 16:43:39 +0000 2025","0","influence Indonesia tidak bisa dibilang kecil dalam menyuarakan kemerdekaan. Satu aja langkah stupid dalam menangani invasi Israel di Palestina rusak sudah. Belum lama.. Indonesia tergolong dalam negara yg resmi ngajuin banding soal Tariff US. lemme wandering..","1910735506851455044","","","in","c-53","0","0","0","https://x.com/kenalannyabapak/status/1910735506851455044","3260678976","kenalannyabapak"
"1910735468251292008","Fri Apr 11 16:43:30 +0000 2025","0","Sialnya israel ni. Semoga binasa la cepat cepat","1910735468251292008","","","in","zyva","0","0","0","https://x.com/solehahzaharil/status/1910735468251292008","397784248","solehahzaharil"
"1910733585168117796","Fri Apr 11 16:43:26 +0000 2025","1","@MrJoyoung nahhh eyin ti punch. e stop e","1910735454112022839","","MrJoyoung","in","","0","0","0","https://x.com/israel_ajoje/status/1910735454112022839","869354251113435136","israel_ajoje"
"1910642782844101112","Fri Apr 11 16:42:48 +0000 2025","0","@tanyarlfes ampas banget eksekusi masalahnya dengan ngasih solusi gitu Israel malah tambah seneng","1910735293524881551","","tanyarlfes","in","ji centric","0","0","0","https://x.com/levanterjii/status/1910735293524881551","1440213244073811969","levanterjii"
"1910735205700428165","Fri Apr 11 16:42:27 +0000 2025","0","Saya yg kere dan awam saja jadi heran&amp;bingung ini pejabat kok pola pikirnya aneh. Rakyat Palestina yg sedang berjuang utk merdeka kok malah akan dipindah ke Indonesia mereka tdk akan bisa melawan penjajahnya/Israel. Sekolahnya dimana dia ?? @mohmahfudmd @Dennysiregar7 @gm_gm","1910735205700428165","","","in","Indonesia","0","1","0","https://x.com/Megatop99/status/1910735205700428165","278039207","Megatop99"
"1910550532928004313","Fri Apr 11 16:42:20 +0000 2025","0","@MariaAlkaff_ Bukannya kemarin dia bela israel ya?","1910735175224615401","","MariaAlkaff_","in","","0","0","0","https://x.com/Ambonhelmi8899/status/1910735175224615401","1689223896552337408","Ambonhelmi8899"
"1910548386899779784","Fri Apr 11 16:42:10 +0000 2025","0","@hope_emak Cuma bisa bantu dengan memboikot produk terafiliasi Israel ","1910735134627946645","","hope_emak","in","","0","0","0","https://x.com/KabeehC/status/1910735134627946645","1781530671888158720","KabeehC"
"1910548386899779784","Fri Apr 11 16:41:34 +0000 2025","0","@hope_emak kasian palestina sehabis ramadhan di gempur habis2 an sama Israel parah sih jika tidak ada yg memboikot demi kemanusiaan","1910734985260417244","","hope_emak","in","","0","0","0","https://x.com/rohanijae/status/1910734985260417244","1791640331148288000","rohanijae"
"1910734744205353006","Fri Apr 11 16:40:40 +0000 2025","1","Rincian yg diberikan sangat meyakinkan dan menunjukkan bahwa Israel secara mencolok melanggar Statuta Roma dan Konvensi Genosida.","1910734756909900147","","Vendra_Deje","in","Indonesia","0","0","0","https://x.com/Vendra_Deje/status/1910734756909900147","384176072","Vendra_Deje"
"1910734744205353006","Fri Apr 11 16:40:38 +0000 2025","1","Fenomena kejahatan yg begitu meluas itu hanya mungkin terjadi di bawah kebijakan yg didedikasikan ditentukan disetujui dan diarahkan oleh tingkat tertinggi di pemerintah Israel. &gt;&gt;","1910734749397901324","","Vendra_Deje","in","Indonesia","0","1","0","https://x.com/Vendra_Deje/status/1910734749397901324","384176072","Vendra_Deje"
"1910734744205353006","Fri Apr 11 16:40:37 +0000 2025","1","Komisi Penyelidikan Internasional Independen PBB memaparkan temuan tentang Penggunaan kekerasan seksual reproduksi dan bentuk-bentuk kekerasan berbasis gender lainnya secara sistematis oleh Israel sejak 7 Okt 2023 yg dapat disimpulkan memenuhi semua kriteria genosida. &gt;&gt; https://t.co/sH1hkIZaDL","1910734744205353006","https://pbs.twimg.com/media/GoRLH5LbEAAXD42.jpg","","in","Indonesia","0","1","0","https://x.com/Vendra_Deje/status/1910734744205353006","384176072","Vendra_Deje"
"1910734710206304471","Fri Apr 11 16:40:29 +0000 2025","0","EHHHHH TOLOLLLLL PALESTINA NGUNGSI ITU TANAH UDAH DIJADIIN WARUNG SM ISRAEL DAN AMERIKAAA TOLOLLLLLL","1910734710206304471","","","in","20+","0","0","0","https://x.com/lavenderolt/status/1910734710206304471","1412052569921261574","lavenderolt"
"1910498525244469401","Fri Apr 11 16:39:44 +0000 2025","0","@kaz_alexandria @Hilmi28 @elonmusk Sikap Elon Musk terhadap Benjamin Netanyahu tidak secara spesifik membahas tuduhan genosida atau pembunuhan warga Palestina termasuk anak-anak dan paramedis. Musk pernah bertemu Netanyahu beberapa kali seperti saat kunjungan ke Israel pada November 2023 dan menyatakan dukungan","1910734521244533178","","kaz_alexandria","in","wherever you are","0","1","0","https://x.com/grok/status/1910734521244533178","1720665183188922368","grok"
"1910734175373844814","Fri Apr 11 16:38:21 +0000 2025","0","Kamu pernah mimpi diperlihatkan Allah soal perangnya kolosal Nabi Yusya pimpin Bani Israel dan Nabi Daud melawan Jalut?hihihi https://t.co/2o59C5EDCd","1910734175373844814","","","in","","1","0","0","https://x.com/senjapetang077/status/1910734175373844814","1902383775725838336","senjapetang077"
"1910537415951089898","Fri Apr 11 16:36:05 +0000 2025","0","@Imade_kun @YahyaCStaquf Setelh Pertemuan Itu Rskyat Pelstina Semakin Banyak Dibunub Israel","1910733604038336824","","Imade_kun","in","","0","0","0","https://x.com/daud09438/status/1910733604038336824","1898678680823762944","daud09438"
"1910733464208629807","Fri Apr 11 16:35:32 +0000 2025","0","Nabi Yoshua itu Mukjizatnya menahan Matahari meneruskan Nabi Musa pimpin bani israel dan Nabi Isa itu yang mau dibunuh dengan disalib itu loh? Kan ada kisahnya diIslam loh? https://t.co/I3oN3EAZF5","1910733464208629807","","","in","","1","0","0","https://x.com/senjapetang077/status/1910733464208629807","1902383775725838336","senjapetang077"
"1910733331182084159","Fri Apr 11 16:35:00 +0000 2025","0","Mereka bukan kena bencana alam . Dikira Israel nyerang karena psikopat doang apa gimana. Terus tanahnya kosong dia pergi karena udah ga seru. Ga jelas nih","1910733331182084159","","","in","","0","0","0","https://x.com/Ilikesodaa_/status/1910733331182084159","256390999","Ilikesodaa_"
"1910733101568852081","Fri Apr 11 16:34:05 +0000 2025","0","WHO Ungkap 75 Persen Misi PBB ke Jalur Gaza Ditolak Masuk Israel WHO menyebut 75% misi PBB ditolak masuk ke Jalur Gaza oleh Israel. https://t.co/nC3C1Y3MNJ https://t.co/UxWK8q2JLU","1910733101568852081","https://pbs.twimg.com/media/GoRJoSEXgAEmCEH.jpg","","in","Solo, Central Java, Indonesia","0","0","0","https://x.com/soloposdotcom/status/1910733101568852081","155169715","soloposdotcom"
"1910732985227501611","Fri Apr 11 16:33:38 +0000 2025","0","Faham kalau ko kapir sokong lgbt dakyah israel. Tapi masalahnya ko muslim. Pastu dok ratib lah siang malam sokong puak2 kapir nak normalizekan lgbt ni. Apa ke bebal.","1910732985227501611","","","in","Nasi Lemak Stadium, Shah Alam ","0","0","0","https://x.com/haikalkhir/status/1910732985227501611","104307028","haikalkhir"
"1910642782844101112","Fri Apr 11 16:33:28 +0000 2025","0","@tanyarlfes warga Gaza dipindahin ke sini berarti disana Israel semua dong","1910732945528414563","","tanyarlfes","in","","0","0","0","https://x.com/RandomInhuman_/status/1910732945528414563","1211296246670868482","RandomInhuman_"
"1910732840687513713","Fri Apr 11 16:33:03 +0000 2025","0","Fakta rakyat susah masih mau ikutin perintah Israel untuk evakuasi warga Palestina .. Fakta Rezim antek USA dan China .. https://t.co/2Sqxtj2MVU","1910732840687513713","https://pbs.twimg.com/media/GoRJRKSbYAATk7X.jpg","","in","","0","0","0","https://x.com/alfatih212426/status/1910732840687513713","1667213278240706560","alfatih212426"
"1910519208343187555","Fri Apr 11 16:31:16 +0000 2025","0","@HeryIdris5 Owo lagi cari muka ke USA dg membantu Israel mengosongkan wilayah Gaza agar Israel lebih leluasa mencaplok gaza","1910732391850926431","","HeryIdris5","in","","0","0","0","https://x.com/wahyudi_san/status/1910732391850926431","1544888269305184257","wahyudi_san"
"1910732353393352870","Fri Apr 11 16:31:07 +0000 2025","0","Warga #Palestina kembali mengungsi di tengah kondisi sulit yang mereka alami dari timur kota #Gaza setelah ada ancaman dari penjajah israel. Sumber: QudsN __ https://t.co/IoMMgjlyGq","1910732353393352870","https://pbs.twimg.com/ext_tw_video_thumb/1910732266722254848/pu/img/fgJRgj50VWuz49xo.jpg","","in","","0","0","0","https://x.com/IkhwanG06/status/1910732353393352870","1399413045714067467","IkhwanG06"
"1909971690484064279","Fri Apr 11 16:30:57 +0000 2025","0","@Phill_12 @Boediantar4 semua produk terkait sama israel kok","1910732311370621385","","Phill_12","in","Indonesia","0","0","0","https://x.com/xtrsyz/status/1910732311370621385","76348111","xtrsyz"
"1910535752355897564","Fri Apr 11 16:30:23 +0000 2025","0","@asa427378112008 @IndoPopBase aku selalu support palestina tapi dengan langkah pemerintah kayak gini sama aja ngedukung kedaulatan israel gak akan ada asap klo ga ada api jadi wajar aja rakyat2 pada nyalahin aku harap pemerintah gak jadi merealisasikan ini","1910732169636700401","","asa427378112008","in","","0","1","0","https://x.com/lavexrose/status/1910732169636700401","1867839637114564613","lavexrose"
"1910732072869658864","Fri Apr 11 16:30:00 +0000 2025","0","Bukan Hanya Prajurit Israel 2.000 Dosen dan 100 Dokter Militer Desak Netanyahu Hentikan Perang Gaza https://t.co/I4b1Ljy8EK","1910732072869658864","","","in","Jakarta Pusat, DKI Jakarta","0","0","0","https://x.com/SINDOnews/status/1910732072869658864","231355136","SINDOnews"
"1829849363440427300","Fri Apr 11 16:28:15 +0000 2025","0","@Le_Figaro Alert india AMERICA ISRAEL DONT INTRE. THIS 3 COUNTRY. MUNAFIQ KIL MUSLIM AND MASJID","1910731630374781328","","Le_Figaro","in","","0","0","0","https://x.com/Mohdfar12765342/status/1910731630374781328","1553670356208353280","Mohdfar12765342"
"1910731600729694727","Fri Apr 11 16:28:07 +0000 2025","0"," Kalo ga mau kena rudal Israel ya jangan jadi orang Palestine dong ","1910731600729694727","","","in","","0","0","0","https://x.com/morinagach49665/status/1910731600729694727","1875599242787745797","morinagach49665"
"1910642782844101112","Fri Apr 11 16:27:11 +0000 2025","0","@tanyarlfes Makin seneng dah Israel","1910731362803605512","","tanyarlfes","in","","0","0","0","https://x.com/romabja/status/1910731362803605512","1200766220380721154","romabja"
"1910728832245785025","Fri Apr 11 16:17:07 +0000 2025","0","Ketika kembali kesana mereka jadi warga Israel gitu?","1910728832245785025","","","in","","0","0","0","https://x.com/penempaan/status/1910728832245785025","1640812467902205963","penempaan"
"1910466544536346974","Fri Apr 11 16:17:06 +0000 2025","0","@fritzsama666 @_crusshh Jenama Bata diboikot di India kerana operasinya di Israel dan Tebing Barat yang dikaitkan dengan pergerakan BDS untuk menyokong Palestin. Walaupun tiada protes besar-besaran di India seruan boikot di media sosial mungkin wujud atas solidariti dengan Gaza. Bata ditubuhkan pada https://t.co/4cp2UbY8U4","1910728825685893320","https://pbs.twimg.com/media/Gmq59kbaMAAmRX2.jpg","fritzsama666","in","wherever you are","0","0","0","https://x.com/grok/status/1910728825685893320","1720665183188922368","grok"
"1910068977105019262","Fri Apr 11 16:16:41 +0000 2025","0","@tanyarlfes Pengen membubarkan Israel nder","1910728720475967937","","tanyarlfes","in","Indonesia","0","0","0","https://x.com/fadlicuy/status/1910728720475967937","44142451","fadlicuy"
"1910728521372361180","Fri Apr 11 16:15:53 +0000 2025","0","Israel aja yang dikirim ke sini biar adu haram jadah sama kelakuan lu pada","1910728521372361180","","","in","","0","0","0","https://x.com/davidchlq/status/1910728521372361180","339394647","davidchlq"
"1910571890948690320","Fri Apr 11 16:14:43 +0000 2025","1","@BicireporteraDF Dar lata :)","1910728228009828795","","BicireporteraDF","in","","0","0","0","https://x.com/coyoacan_soport/status/1910728228009828795","1911518916","coyoacan_soport"
"1910672995347026423","Fri Apr 11 16:13:58 +0000 2025","70","@tanyarlfes inggris berperan besar dlm penjajahan palestina oleh israel. sebelumnya palestina tuh di bawah kekuasaan inggris terus pas israel mulai masuk dan ngusirin penduduk palestina kerajaan inggris justru memihak israel","1910728038192738517","","tanyarlfes","in","any pronouns","1","2","2","https://x.com/kawramazov/status/1910728038192738517","1899751749206028288","kawramazov"
"1910727854490607977","Fri Apr 11 16:13:14 +0000 2025","0","aneh bgt orang2 sana aja mempertahankan tanah milik mereka. ini orang malah dukung israel buat lebih mudah ngerampas tanahnya","1910727854490607977","","","in","","0","0","0","https://x.com/lesssugarpls/status/1910727854490607977","1212967355917033474","lesssugarpls"
"1910715293716144510","Fri Apr 11 16:12:47 +0000 2025","0","@rizkystrsna Yang bombardillo meme orang israel buat palestine Kay tung tung saur aja better.","1910727739134664797","","rizkystrsna","in","Tangerang, Banten.","0","1","0","https://x.com/insomnius_/status/1910727739134664797","835035712181325826","insomnius_"
"1910726602511835542","Fri Apr 11 16:10:46 +0000 2025","6","@ijalnangor Huihh ini semua salah israel","1910727234496909604","","ijalnangor","in","mencari ikigai","0","0","0","https://x.com/misnaansim/status/1910727234496909604","1418457056051273729","misnaansim"
"1910727202439573999","Fri Apr 11 16:10:39 +0000 2025","0","Pakistan ke Ulama ne Israel ke khilaf Jihad ka fatwa diya hai India ke Ulama RSS BJP ke khilaf Jihad ka fatwa den Mza aa jaega #Jihad #Muslims #CSKvsKKR #IsraelTerroristState #RSS #BJP #Terrorists","1910727202439573999","","","in","JHARKHAND üáÆüá≥","0","0","0","https://x.com/MNQUASMIMD/status/1910727202439573999","1785998399118209024","MNQUASMIMD"
"1910726757722055154","Fri Apr 11 16:08:53 +0000 2025","1","BANTU ISRAEL YA ?","1910726757722055154","","","in","Bogor Selatan, Indonesia","0","0","0","https://x.com/YoezZar/status/1910726757722055154","1334397026545459203","YoezZar"
"1910725473480704397","Fri Apr 11 16:08:30 +0000 2025","0","Kalau Israel ingin Palestina merdeka harusnya mereka sudahi blokade Gaza sejak lama. Nyatanya? Coba cek aja habis gencatan senjata masih terus dihabisi dan bantuan dihalang-halangi masuk. Ide relokasi warga Palestina minggat dari tanahnya sama dengan memuluskan mimpi Zionis.","1910726661420835058","","gusghulam","in","Sawangan, Indonesia","0","1","0","https://x.com/gusghulam/status/1910726661420835058","601589541","gusghulam"
"1910537672726388741","Fri Apr 11 16:07:42 +0000 2025","0","@drzul_albakri Masih tak jawab persoalan 2 tahun genocide 50 000 orang kena bunuh dipermalukan dihina dikebulur ada yang cacat trauma islam dihina dr. Adakah susah nak umumkan jihad terhadap israel? Maaf kalau saya ada tersilap kata","1910726459003724084","","drzul_albakri","in","","0","0","0","https://x.com/arifjoe71/status/1910726459003724084","1026024703","arifjoe71"
"1910705486217044264","Fri Apr 11 16:07:26 +0000 2025","1","@Gendis_Wari Tuduhan tuduhan Israel ke Hamas selalu berbalik","1910726392972718184","","Gendis_Wari","in","Indonesia","0","1","0","https://x.com/ezharahap1/status/1910726392972718184","1777459159111454721","ezharahap1"
"1910725318006256062","Fri Apr 11 16:06:52 +0000 2025","0","@sukadimsumkeju Hukum menggunakan referensi jurnal dari Israel dalam Islam umumnya diperbolehkan karena tidak ada larangan spesifik dalam syariat. Islam mendorong mencari ilmu yang bermanfaat dari berbagai sumber selama valid dan tidak bertentangan dengan ajaran agama. Namun di Indonesia ada","1910726251486339558","","sukadimsumkeju","in","wherever you are","0","0","0","https://x.com/grok/status/1910726251486339558","1720665183188922368","grok"
"1910558889021714859","Fri Apr 11 16:06:41 +0000 2025","0","@wordfangs Halo siri apa hubungan food estate israel dan prabowo? ","1910726205126656003","","wordfangs","in","/var/www/app","0","0","0","https://x.com/pikirsiora/status/1910726205126656003","636214675","pikirsiora"
"1910705797371486306","Fri Apr 11 16:06:10 +0000 2025","0","@kompascom Ada pesan khususkah dari AS dan Israel? Semangat banget bapak2","1910726076701331680","","kompascom","in","","0","0","0","https://x.com/dirgo19760522/status/1910726076701331680","1645103468334690307","dirgo19760522"
"1910725968643174714","Fri Apr 11 16:05:45 +0000 2025","0","Listening to King Yawasap Uzziah Benjamin @SolomonIsaiahB2 Jud Zion Benji and Chai Ben Israel https://t.co/GLunyXV5FL","1910725968643174714","","","in","","0","0","0","https://x.com/Shirley26061705/status/1910725968643174714","1269188936104116231","Shirley26061705"
"1910725473480704397","Fri Apr 11 16:05:38 +0000 2025","0","Kalau mau bicara soal Two State Solution/Solusi Dua Negara di mana negara Palestina &amp; Israel berdiri dan masing-masing berdaulat justru yang kelihatan paling memusuhi ide itu Israel sendiri. Di sini banyak pembelanya. Tak jarang akademisi. Dalihnya diulang-ulang: kemanusiaan.","1910725939530785111","","gusghulam","in","Sawangan, Indonesia","0","1","0","https://x.com/gusghulam/status/1910725939530785111","601589541","gusghulam"
"1910725929388957832","Fri Apr 11 16:05:35 +0000 2025","0","Listening to King Yawasap Uzziah Benjamin @SolomonIsaiahB2 Jud Zion Benji and Chai Ben Israel https://t.co/GLunyXVDvj","1910725929388957832","","","in","","0","0","0","https://x.com/Shirley26061705/status/1910725929388957832","1269188936104116231","Shirley26061705"
"1910725473480704397","Fri Apr 11 16:03:47 +0000 2025","2","Israel sebagai negara diakui dunia jadi anggota PBB. Sementara Palestina itu belum jadi anggota PBB. Jalur Gaza itu diblokade terus sama Israel. Sejarawan Israel Ilan Papp√© bahkan nyinggung tendensi utama Israel itu menghapus Palestina: entah dengan apartheid atau genosida.","1910725473480704397","","","in","Sawangan, Indonesia","0","1","0","https://x.com/gusghulam/status/1910725473480704397","601589541","gusghulam"
"1910554126439882954","Fri Apr 11 16:03:45 +0000 2025","0","@erlanishere Mas..sekelas JFK aja mrk yg kill 9/11 jg kerjaan mereka keknya Indo wlpn bacot gede nyali gede tp ttp kalah jga sama israel n babunya amerika klo brani terang2an nabrak ","1910725467331834207","","erlanishere","in","","0","0","0","https://x.com/sontensurup/status/1910725467331834207","1351498484914929665","sontensurup"
"1910725442530926747","Fri Apr 11 16:03:39 +0000 2025","0","Bila benar. Itu pukulan hebat untuk Israel dan Amerika! https://t.co/zuIA6dqraI","1910725442530926747","","","in","","0","0","0","https://x.com/theibrahimy/status/1910725442530926747","1805222331440386049","theibrahimy"
"1910725318006256062","Fri Apr 11 16:03:10 +0000 2025","0","hi @grok apa hukumnya menggunakan referensi jurnal dari israel","1910725318006256062","","","in","","0","2","0","https://x.com/sukadimsumkeju/status/1910725318006256062","1403367833761828866","sukadimsumkeju"
"1910697143590920280","Fri Apr 11 16:03:01 +0000 2025","2","@DiggingInTheDi1 Shalom üáÆüá±Ô∏è","1910725282324955427","","DiggingInTheDi1","in","","0","0","0","https://x.com/Luffygearmonger/status/1910725282324955427","1883580652315959297","Luffygearmonger"
"1910273354046767207","Fri Apr 11 16:02:56 +0000 2025","0","@kegblgnunfaedh keputusan bodoh dg begini sama aja lu dukung israel tolol. Palestina itu tanah mereka. jgn usir mereka dri rmh merekaa","1910725260359721251","","kegblgnunfaedh","in","","0","0","0","https://x.com/Ineedyou15nn/status/1910725260359721251","1575825482116870145","Ineedyou15nn"
"1910725240168030515","Fri Apr 11 16:02:51 +0000 2025","0","Listening to King Yawasap Uzziah Benjamin @SolomonIsaiahB2 Chai Ben Israel and Servant https://t.co/tYu7frfFIV","1910725240168030515","","","in","","0","0","0","https://x.com/ZionYIsrael1/status/1910725240168030515","1372447684041269255","ZionYIsrael1"
"1910725196669190566","Fri Apr 11 16:02:41 +0000 2025","0","Antara wowok - Singapura - Israel segitiga kematian","1910725196669190566","","","in","","0","0","0","https://x.com/kaminarinafas/status/1910725196669190566","1657993500393349120","kaminarinafas"
"1910725187126853996","Fri Apr 11 16:02:38 +0000 2025","0","Listening to King Yawasap Uzziah Benjamin @SolomonIsaiahB2 and Chai Ben Israel https://t.co/VMWvIMRn6O","1910725187126853996","","","in","","0","0","0","https://x.com/ShiaritaDOS/status/1910725187126853996","1704332189389791232","ShiaritaDOS"
"1910725109645468030","Fri Apr 11 16:02:20 +0000 2025","0","Listening to King Yawasap Uzziah Benjamin @SolomonIsaiahB2 and Chai Ben Israel https://t.co/ds0qsktfDJ","1910725109645468030","","","in","Jerusalem, Israel ","0","0","0","https://x.com/_judeaisrael/status/1910725109645468030","615292375","_judeaisrael"
"1910316138573303965","Fri Apr 11 16:02:07 +0000 2025","0","@vianratulangi @IDF Intelejen terbaik (nomor satu) dunia adalah Israel. Krn mungkin secara batinia mata Tuhan di setiap penjuru utk melihat. Q ambil kesimpulan dari situ krn stiap teroris yg di anggap hamas paling berpengaruh aja di bunuh walaupun mrk tampil di muka umum menggunakan penutup kpala","1910725055379890568","","vianratulangi","in","","0","0","0","https://x.com/ErastSam99154/status/1910725055379890568","1820425404517359616","ErastSam99154"
"1910725037696430201","Fri Apr 11 16:02:03 +0000 2025","0","Listening to King Yawasap Uzziah Benjamin @SolomonIsaiahB2 and Chai Ben Israel https://t.co/FVhza3aD1n","1910725037696430201","","","in","","0","0","0","https://x.com/Razisnipergang/status/1910725037696430201","1453217638411288576","Razisnipergang"
"1910724949590876266","Fri Apr 11 16:01:42 +0000 2025","0","Listening to King Yawasap Uzziah Benjamin and @SolomonIsaiahB2 https://t.co/95R7iKxuYV","1910724949590876266","","","in","Riverdale, Georgia","0","0","0","https://x.com/RichLaniWear/status/1910724949590876266","2611946864","RichLaniWear"
"1910724918167101643","Fri Apr 11 16:01:34 +0000 2025","0","Listening to King Yawasap Uzziah Benjamin and @SolomonIsaiahB2 https://t.co/99Bfj39sRh","1910724918167101643","","","in","","0","0","0","https://x.com/zedaniah/status/1910724918167101643","1527996962108280837","zedaniah"
"1910723908292256009","Fri Apr 11 16:01:12 +0000 2025","0","@gyucheoll_ boikot tp udah ga masuk bds krn kontrak sm israel(?) udah end cmiiw","1910724824269480299","","gyucheoll_","in","coupshan cheolsoo‚Äôs kid","0","1","0","https://x.com/choitchery/status/1910724824269480299","1403869067908304897","choitchery"
"1910642782844101112","Fri Apr 11 16:00:54 +0000 2025","0","@tanyarlfes Sesuai dengan keinginan Trump. Lu tuh antek Israel kah? https://t.co/d6UaWXwgid","1910724751049580842","https://pbs.twimg.com/media/GoRCCOfaYAAh6h3.jpg","tanyarlfes","in","In the middle of nowhere","0","0","0","https://x.com/pigwidgeonnn/status/1910724751049580842","1345241895773954048","pigwidgeonnn"
"1910724614151655784","Fri Apr 11 16:00:22 +0000 2025","0","Segala puji bagi Allah Saat ini zionis israel gak mampu berdiri di depan Muqawamah. israel si mak lampir sudah tercabik-cabik.","1910724614151655784","","","in","","0","0","0","https://x.com/badru_badroe/status/1910724614151655784","434892045","badru_badroe"
"1910723985983365481","Fri Apr 11 15:58:12 +0000 2025","0","Kekaisaran tidak pernah benar¬≤ pergi ia hanya berubah menjadi sesuatu yg lain. Dan rencana para psikopat ini adalah menjadikan Israel sebagai kekaisaran berikutnya. Ken O'Keefe","1910724069181563309","","blue_berets7","in","","0","0","0","https://x.com/blue_berets7/status/1910724069181563309","1233304674561753088","blue_berets7"
"1910723985983365481","Fri Apr 11 15:58:05 +0000 2025","0"," Tujuan jangka panjangnya adalah apa yang disebut Israel Raya Israel dimaksudkan untuk berkembang dan menjadi kekaisaran berikutnya. Dan Amerika dibakar Amerika dikorbankan. Selalu ada pengalihan kekuasaan kekaisaran.","1910724039527833844","","blue_berets7","in","","0","1","0","https://x.com/blue_berets7/status/1910724039527833844","1233304674561753088","blue_berets7"
"1910723985983365481","Fri Apr 11 15:57:52 +0000 2025","0","ISRAEL BESAR O'Keefe mengatakan ini lebih dari 10 tahun yg lalu. Sudah terjadi di depan mata kita selama bertahun-tahun sekarang. Suriah Irak Libya Palestina dan daftarnya terus berlanjut. https://t.co/ObZ5Jzw17C","1910723985983365481","https://pbs.twimg.com/amplify_video_thumb/1910723766822592513/img/zN6Yv1o3oBVVtbMv.jpg","","in","","0","1","0","https://x.com/blue_berets7/status/1910723985983365481","1233304674561753088","blue_berets7"
"1910569705364218242","Fri Apr 11 15:56:59 +0000 2025","0","@republikaonline Semoga ketakutan dan kepanikan itu selalu menghantui seluruh tentara dan warga israel","1910723765987950907","","republikaonline","in","","0","0","0","https://x.com/Gigitterusss/status/1910723765987950907","1031560129047482368","Gigitterusss"
"1910722975529128394","Fri Apr 11 15:56:54 +0000 2025","4","@Osint613 Pesah Sameach","1910723741744496980","","Osint613","in","Israel","0","0","0","https://x.com/UnplugIsrael/status/1910723741744496980","1860810584783990784","UnplugIsrael"
"1910537415951089898","Fri Apr 11 15:56:34 +0000 2025","0","@YahyaCStaquf Bubarkan negara teroris Israel yg berbasis pada zionis n missionaris gitu aja huph!","1910723660627010010","","YahyaCStaquf","in","","0","0","0","https://x.com/AgusSal12171098/status/1910723660627010010","1533570689596530688","AgusSal12171098"
"1910723563147207014","Fri Apr 11 15:56:11 +0000 2025","1","Sementara sementara bgmna kalo kamu ajah yg kita kirim ke israel untuk SEMENTARA","1910723563147207014","","","in","Î∞çÏ´ë üíôüíõ","0","0","1","https://x.com/limerencegyu/status/1910723563147207014","1399217062472347650","limerencegyu"
"1910711517907124232","Fri Apr 11 15:54:36 +0000 2025","0","@gajahserenang @GuruGembull catat baik2 sebelum ada penyandraan sipil israel pun penindasan trhdp warga palestina sdh bnyak trjdi ","1910723164935729425","","gajahserenang","in","","0","0","0","https://x.com/thishits_id/status/1910723164935729425","1720666907626655744","thishits_id"
"1910723037449904332","Fri Apr 11 15:54:06 +0000 2025","0","Kata gweh memang presiden lu pro israel.","1910723037449904332","","","in","","0","0","0","https://x.com/rehan_bengsin/status/1910723037449904332","1368881575463510020","rehan_bengsin"
"1910481889833730474","Fri Apr 11 15:52:23 +0000 2025","0","@semilindui @ardisatriawan lha dikira zionis ngeklaim israel berdasar apa?","1910722607730901172","","semilindui","in","semarang","0","0","0","https://x.com/ikhsan017/status/1910722607730901172","89875330","ikhsan017"
"1910722406617866545","Fri Apr 11 15:51:35 +0000 2025","4","Semoga langkah Turki ini diikuti oleh negara2 mayoritas Muslim lainnya yg masih menjalin hubungan diplomatik dgn Israel https://t.co/sVHyCOvTPA","1910722406617866545","https://pbs.twimg.com/media/GoQ_5zFXYAEVSld.jpg","","in","Indonesia","0","0","1","https://x.com/arwidodo/status/1910722406617866545","158162219","arwidodo"
"1910560921396650307","Fri Apr 11 15:50:32 +0000 2025","0","@ardisatriawan Kalau Haaretz masih cuma sangsi tapi kalau Times of Israel yah yo wes wallahi we're finished. ","1910722139390427641","","ardisatriawan","in","Classified","0","0","0","https://x.com/pra_not_draw/status/1910722139390427641","1466308255","pra_not_draw"
"1910669591841300606","Fri Apr 11 15:49:46 +0000 2025","1","@Marchfoward Analysis yg lebih kpd propaganda utk justify berterusan Israel laknatullah lakukan genocide &amp; ethnic cleansing keatas Palestine.Dengan ramai pemimpin utama Palestine dibunuh Israel kekuatan atau kukuhnya Briged AlQassam sukar dipertahankan.","1910721949074153927","","Marchfoward","in","","0","0","0","https://x.com/norris_anggun71/status/1910721949074153927","1903942344","norris_anggun71"
"1910361949101052352","Fri Apr 11 15:49:12 +0000 2025","0","@yousef_ki1 Sungguh buta dan tega negara negara terdekat membiarkan ini semua dan diam melihat kekejaman Israel apakah penduduk israel merasakan seperti itu?","1910721804756541613","","yousef_ki1","in","","0","0","0","https://x.com/Kuedadar45/status/1910721804756541613","1635170214110437376","Kuedadar45"
"1910650559142781379","Fri Apr 11 15:48:58 +0000 2025","1","@aynaabdulw Dia celakakan israel dengan usa.","1910721744824127593","","aynaabdulw","in","Jakarta Capital Region","0","0","0","https://x.com/mirna263/status/1910721744824127593","253518976","mirna263"
"1910711938331320727","Fri Apr 11 15:33:16 +0000 2025","0","@Wizarab10 @ThaBoyYom Gbagi Ibadan","1910717795911745738","","Wizarab10","in","Ibadan, Nigeria","0","0","0","https://x.com/DebbieTee9/status/1910717795911745738","1144741029758820352","DebbieTee9"
"1910280534200291795","Fri Apr 11 15:32:55 +0000 2025","0","@keadilanmyass @_Crucifiction @lilaccountz Sebagai gambaran para pendukung ukraina langsung menganalisis karakteristik senjata yg digunakan russia. Kalau kalian bagaimana? Bagaimana laki-laki jihadis paling maskulin merespons gempuran israel? https://t.co/viktQPWOaI","1910717708028788756","https://pbs.twimg.com/media/GoQ7auEbYAEse-j.jpg","keadilanmyass","in","Universitas Al-Azhab","0","1","0","https://x.com/syekh_kyai_lmao/status/1910717708028788756","1223179827814887425","syekh_kyai_lmao"
"1910717567909716398","Fri Apr 11 15:32:22 +0000 2025","0","Tentara zionis Israel secara sengaja menargetkan warga dan kru pertahanan sipil F*ck Israel #IsraelTerroristState https://t.co/8KlRLgC1Cl","1910717567909716398","https://pbs.twimg.com/ext_tw_video_thumb/1910717461135319044/pu/img/rDMiBa2DttcboT94.jpg","","in","Indonesia","0","0","0","https://x.com/ktriindah/status/1910717567909716398","233136491","ktriindah"
"1910700487357182069","Fri Apr 11 15:31:54 +0000 2025","1","@YoungAfricansSC @ManUtd @Caamil8 Timu haipo ata Top 10 Africa mnampa jersey ya nn? Hii ni kulitia Taifa aibu","1910717450041127062","","YoungAfricansSC","in","Dar es Salaam, Tanzania","0","0","0","https://x.com/gifolili/status/1910717450041127062","1101739147830722560","gifolili"
"1909911666118058083","Fri Apr 11 15:30:35 +0000 2025","0","@Sujudzz @KompasTV Oh jd mending mereja dievakuasi aja ya. Terus kalo saat mereka dievakuasi negara lain israel menduduki gaza gapapa ya? Kalo mereka akhirnya gapunya tempat pulang terlunta-lunta macem rohingnya ntar nginep rumah lu kan? Gasss sikaat. Solutif bangetsss. Lu cerdas bgt sih zuzur","1910717119228154097","","Sujudzz","in","","0","0","0","https://x.com/nsnsnnqx/status/1910717119228154097","1190443951200727040","nsnsnnqx"
"1910716930350342470","Fri Apr 11 15:29:50 +0000 2025","0","Turki sahabat israel itu gk bs dibantah Jd ngomong bela Palestina sambil mesra berlebihan sm turki sih kentut menurut gw","1910716930350342470","","","in","Ubud, Indonesia","0","1","2","https://x.com/Pupufafa1/status/1910716930350342470","1852318231262015488","Pupufafa1"
"1910649028565512223","Fri Apr 11 15:29:21 +0000 2025","0","@KompasTV Mungkin hanya Korut yang mau memborbardir Israel","1910716809562775696","","KompasTV","in","","0","0","0","https://x.com/YudhistiraDoddy/status/1910716809562775696","1567598293747920896","YudhistiraDoddy"
"1910037609252020577","Fri Apr 11 15:29:20 +0000 2025","0","@neddokhan @urisyaa Lah iya...uang segitu knp gak dibuat untuk nyumbang palestin atau ngebom Israel aja..dasar munafik MBS itu","1910716806345736619","","neddokhan","in","","0","0","0","https://x.com/mspermana75/status/1910716806345736619","328250496","mspermana75"
"1910716494864093372","Fri Apr 11 15:28:06 +0000 2025","0","Bapak daripada mengevakuasi warga Gaza (yang secara tidak langsung mendukung keinginan Israel) yang sudah semestinya menempati wilayah mereka lebih baik coba pikirkan apakah memang gerakan Indonesia Gelap ditunggangi asing atau tidak minimal liat internal dulu","1910716494864093372","","","in","","0","0","0","https://x.com/just_rushonyou/status/1910716494864093372","1214492040991404033","just_rushonyou"
"1910558432404349056","Fri Apr 11 15:27:51 +0000 2025","0","@jacksonhinklle Israel Dajjal laknat Hancurlah kau Israel bersama antek antekmu","1910716434298060813","","jacksonhinklle","in","","0","0","0","https://x.com/bram886908/status/1910716434298060813","1859065736389685249","bram886908"
"1910537415951089898","Fri Apr 11 15:27:04 +0000 2025","0","@YahyaCStaquf Penjilat Israel","1910716234888601640","","YahyaCStaquf","in","","0","0","0","https://x.com/TksMus46494/status/1910716234888601640","1649829159143895046","TksMus46494"
"1910682216793071958","Fri Apr 11 15:26:58 +0000 2025","0","@Mdy_Asmara1701 Akal iblis israel dan Amerika ingin menguasai tanah gaza","1910716209542156676","","Mdy_Asmara1701","in","Kota Surabaya, Jawa Timur","0","0","0","https://x.com/JendralKepitin9/status/1910716209542156676","1642627278789283840","JendralKepitin9"
"1910157023620297063","Fri Apr 11 15:26:37 +0000 2025","0","@winston8_ @HarisAdam23 @Marchfoward @grok Ke sokong Israel kau dpt isap btg trump? Btg dia kecik je pun..xyah beriya sgtlahh wahaha","1910716121285804405","","jigen593","in","","0","0","0","https://x.com/jigen593/status/1910716121285804405","1791331472525475840","jigen593"
"1910642782844101112","Fri Apr 11 15:25:17 +0000 2025","0","@tanyarlfes Dia ngurus rakyat sini aja ga becus mau sosoan gitu. Dan juga ini sama aja dia bantu israel ngusir rakyat palestina dari tanah rakyat palestina sendiri. Kukira cuma bawahan dia aja yg bisa jilat ternyata dia sendiri jilat silitnya trump","1910715786316177592","","tanyarlfes","in","","0","1","0","https://x.com/Newbie102000/status/1910715786316177592","984069884924456960","Newbie102000"
"1910549650878120282","Fri Apr 11 15:25:08 +0000 2025","0","@convomf Singapura keren karena 75% populasinya etnis cina Dan mereka punya hubungan diplomatik dan ada Kedubes ISRAEL di sana Dan mereka punya KASINO dan LOKALISASI legal di sana Elu mau negara elu yg indah itu Indon menyerupai Singapura biar jadi keren juga?","1910715746487066701","","convomf","in","üåπ","0","0","0","https://x.com/wannafigh/status/1910715746487066701","1542850505491513346","wannafigh"
"1910715635082158425","Fri Apr 11 15:24:41 +0000 2025","3","Nooh Al-Shaghnobi anggota Pertahanan Sipil Palestina di Gaza saat berada di bawah tembakan langsung pasukan Israel mendokumentasikan kenyataan mengerikan dari operasi penyelamatan warga Palestina di tengah genosida oleh Israel yang sedang berlangsung di Gaza. https://t.co/VbtjAZNHeP","1910715635082158425","https://pbs.twimg.com/ext_tw_video_thumb/1910715568719880195/pu/img/v53qx7QMSiVnx7_J.jpg","","in","‚ù£Ô∏è·¥Ö…™  ô·¥ú·¥ç…™ ·¥Ä ü ü·¥Ä ú, ô·¥Ä·¥õ·¥Ä·¥ç‚ù£üá≤üáæüáµüá∏","1","0","2","https://x.com/Basheera_Putry/status/1910715635082158425","1411746201905426434","Basheera_Putry"
"1910715562877214880","Fri Apr 11 15:24:24 +0000 2025","0","Beginilah media Palestina menggiring opini seolah Israel merenggut masa muda anak ini. Seolah anak ini tidak berdosa. Padahal sebenarnya anak ini menusuk 2 anak Israel makanya dia dipenjara. 11-12 ama media di konoha sih ahlinya spin berita ama fitnah Israel.","1910715562877214880","","","in","","0","0","0","https://x.com/tabascopepsauce/status/1910715562877214880","1092153667384266757","tabascopepsauce"
"1910560921396650307","Fri Apr 11 15:24:16 +0000 2025","0","@ardisatriawan karena semakin kesini aku ngeliat perangnya nggak fair. donasi buat palestine ditutup sedangkan buat israel masih terus ngalir. pemimpin yang bela israel boleh pemimpin yang bela palestine diancem negaranya bakal diperlakuin sama kayak palestine.","1910715529360531531","","hayoluuh","in","üá≤üá®","0","0","0","https://x.com/hayoluuh/status/1910715529360531531","1897970630739595264","hayoluuh"
"1910273354046767207","Fri Apr 11 15:24:08 +0000 2025","0","@kegblgnunfaedh Warga palestina dievakuasi ke Indonesia pas mau balik ke negara asalnya udah ga ada itu tanah jadi hak milik israel. Minimal dipikirin dulu jangka panjang kedepannya bagaimana.","1910715498851164251","","kegblgnunfaedh","in","","0","0","0","https://x.com/artrfdh/status/1910715498851164251","1311578748915904512","artrfdh"
"1910540612245545233","Fri Apr 11 15:24:00 +0000 2025","0","@IndoPopBase Berarti pemerintah mendukung israel dong bajingan lo @prabowo","1910715461442101428","","IndoPopBase","in","","0","0","0","https://x.com/sparkli51590232/status/1910715461442101428","1619422404366958593","sparkli51590232"
"1910715356060037287","Fri Apr 11 15:23:34 +0000 2025","2","Ketegangan geopolitik dunia kian hari makin panas. Invasi yang digencarkan Rusia terhadap Ukraina sejak tahun 2022 belum menunjukkan titik terang. Serangan yang dilakukan Israel terhadap Palestina juga belum berakhir. Junta militer di Myanmar juga belum berhenti melemparkan https://t.co/ERhUonOTWP","1910715356060037287","https://pbs.twimg.com/media/GoQ5dmIW0AAfwvJ.jpg","","in","Jakarta","0","0","2","https://x.com/liputan6dotcom/status/1910715356060037287","47596019","liputan6dotcom"
"1910715350599208977","Fri Apr 11 15:23:33 +0000 2025","0","Salahsatu tujuan utama genosida israel thd rakyat Palestina adalah utk menguasai tanahnya Jk rakyat Palestina dievakuasi ke Indonesia mk itu sama saja mempermudah tujuan israel Yg dibutuhkan Palestina adalah Indonesia ikut melawan israel bukan malah membantu ngosongin lahan","1910715350599208977","","","in","Ubud, Indonesia","0","1","3","https://x.com/Pupufafa1/status/1910715350599208977","1852318231262015488","Pupufafa1"
"1910273354046767207","Fri Apr 11 15:23:25 +0000 2025","0","@kegblgnunfaedh gak setuju asli. soalnya selain dia mempermudah israel buat menguasai palestin negara dia aja kagak beres","1910715317841719607","","kegblgnunfaedh","in","Jakarta Pusat, DKI Jakarta","0","0","0","https://x.com/jieeearrrjee/status/1910715317841719607","1838350467275067395","jieeearrrjee"
"1910533262071750852","Fri Apr 11 15:23:04 +0000 2025","0","@tempodotco Yaallah.. tolong benerin urusan negara dulu sejahterakan rakyat dong Berarti lu mau gaza kosong biar diambil.alih israel hah??","1910715228054335623","","tempodotco","in","","0","0","0","https://x.com/sparkli51590232/status/1910715228054335623","1619422404366958593","sparkli51590232"
"1910537415951089898","Fri Apr 11 15:22:58 +0000 2025","0","@Lawasan3 @YahyaCStaquf Berdasarkan informasi yang tersedia Yahya Cholil Staquf telah mengunjungi Israel satu kali yaitu pada Juni 2018. Kunjungan ini untuk menghadiri konferensi di Yerusalem atas undangan American Jewish Committee dan bertemu dengan pejabat Israel termasuk Perdana Menteri Benjamin https://t.co/JbKnvQx6ML","1910715204427801073","https://pbs.twimg.com/media/Gmq59kbaMAAmRX2.jpg","Lawasan3","in","wherever you are","0","0","0","https://x.com/grok/status/1910715204427801073","1720665183188922368","grok"
"1910715156704993336","Fri Apr 11 15:22:47 +0000 2025","0","Masak kamu mau ingin seperti yahudi yang suka dustakan para Nabi utusan Allah dan dustakan Rasulullah Muhammad cuma karena bukan keturunan Bani Israel?padahal dahulu sebelum Rasulullah Muhammad yahudi kerap dustakan para Nabi dari israel dan zaliminya loh? https://t.co/0BehNmdSrB","1910715156704993336","","","in","","3","0","0","https://x.com/senjapetang077/status/1910715156704993336","1902383775725838336","senjapetang077"
"1910537415951089898","Fri Apr 11 15:22:42 +0000 2025","1","@YahyaCStaquf Yai yg ada saat ini adalah kemanusiaan vs Israel tinggal pilih yg mana. Klo saya jelas #FreePalestine","1910715136165515701","","YahyaCStaquf","in","above the blue sky","0","0","1","https://x.com/tdynugroho/status/1910715136165515701","60098114","tdynugroho"
"1910713165995737389","Fri Apr 11 15:22:34 +0000 2025","0","@deroswunga Yg bikin negara susah maju ya ini Mental boikot produk sendiri pake dalil agama Israel akidah dsb. Pemerintah nya bego ya krn masyarakat nya jg super bego. Muak.","1910715103365804191","","deroswunga","in","Negeri Adjaib","0","1","0","https://x.com/njar_brahma/status/1910715103365804191","56909278","njar_brahma"
"1910642782844101112","Fri Apr 11 15:22:33 +0000 2025","0","@iamrejaaa @tanyarlfes kalo gak dikembalikan? kamu mau tanggung jawab? ada jaminan? israel nyerang karena mau tanahnya paham?","1910715099410817487","","iamrejaaa","in","Jakarta, Indonesia","0","0","0","https://x.com/MatchaMatteCh/status/1910715099410817487","1319151520466661377","MatchaMatteCh"
"1909606074178482312","Fri Apr 11 15:22:25 +0000 2025","0","@news24tvchannel @ReallySwara Lundke topa dunia khtm nahi horahihe Kuttiya jehadio ka ammi khod raha he israel","1910715064182518242","","news24tvchannel","in","","0","0","0","https://x.com/Vinayak63424220/status/1910715064182518242","1233966144005922816","Vinayak63424220"
"1910254391829115013","Fri Apr 11 15:21:45 +0000 2025","0","@Getjzebulon24 @Rizieq_Sangean @Manuk_Emprit76 @KatzeNada Lihat ada bangsa Israel","1910714897249493479","","Getjzebulon24","in","Tito, Basilicata","0","0","0","https://x.com/Bang_guf/status/1910714897249493479","1763095218356928512","Bang_guf"
"1910412540770984325","Fri Apr 11 15:21:29 +0000 2025","0","@cass91101655 @RedPillSayian @trumpcel Indian ?? Ok Abdul.","1910714829913866373","","cass91101655","in","London, England","0","0","0","https://x.com/martinsengland/status/1910714829913866373","1741129044077228032","martinsengland"
"1910273354046767207","Fri Apr 11 15:21:04 +0000 2025","0","@kegblgnunfaedh Biar mudah buat Israel menguasai Palestina","1910714725589262396","","kegblgnunfaedh","in","Surakarta Hadiningrat ","0","0","0","https://x.com/siswosartono/status/1910714725589262396","557417141","siswosartono"
"1910177729850601539","Fri Apr 11 15:20:58 +0000 2025","0","@LLiatono @geloraco Kontol. Coba dipikir warga sana kosong trus tanah itu siapa yg kuasai ? Ya Israel dan anteknya. Tambah lagi dinamikanya disini bagaimana negara masih carut marut yg miskin masih banyak napa gk warganya dulu diurusin baru mikir warga negara lain.","1910714700607914264","","LLiatono","in","","0","0","0","https://x.com/mestasih/status/1910714700607914264","1564827978810343429","mestasih"
"1910714671323374063","Fri Apr 11 15:20:51 +0000 2025","0","Presiden lu noh dipuji Israel ","1910714671323374063","","","in","Twiceland","0","0","0","https://x.com/Dimasmandegani/status/1910714671323374063","471046735","Dimasmandegani"
"1910519208343187555","Fri Apr 11 15:20:14 +0000 2025","0","@HeryIdris5 Iya belum sampe sana pesawat sudah dirudal sama israel","1910714514846425477","","HeryIdris5","in","","0","0","0","https://x.com/FaraRizald42224/status/1910714514846425477","1887420335534055424","FaraRizald42224"
"1910560921396650307","Fri Apr 11 15:08:22 +0000 2025","1","@ardisatriawan israel bangga padamu wo.. ","1910711529156280571","","ardisatriawan","in","","0","0","0","https://x.com/litopansolawase/status/1910711529156280571","130118802","litopansolawase"
"1910642782844101112","Fri Apr 11 15:08:06 +0000 2025","2","@LoverZksync @tanyarlfes dengan mereka rakyat Palestina yang di goyong ke Indonesia malah bikin si Israel makin berjaya buat nguasain TANAH MILIK PASLESTINA lu yang tolol","1910711462022254882","","LoverZksync","in","","0","0","0","https://x.com/eriindeou/status/1910711462022254882","1876204673360875520","eriindeou"
"1910402292106354821","Fri Apr 11 15:08:03 +0000 2025","0","@JossyHannaKh Jossy ya hmara ahel ljnoub welshe3a bela5as byeshtroke wbyeshtro bayek wbyeshtro lebnen wbyeshtro esra2el bmosreyeton lek nehna lshe3a le mnoaref bebaladek ya shleke men fekon men jo3an lek rehet tmemkon wasle 3a israel men wara jo3kon ya m3afnen","1910711450462515535","","JossyHannaKh","in","","0","0","0","https://x.com/Ali944604154445/status/1910711450462515535","1742543386018496514","Ali944604154445"
"1910711032583962807","Fri Apr 11 15:07:28 +0000 2025","2","@Apxtips RQSHR6","1910711302843940915","","Apxtips","in","","0","1","0","https://x.com/RIsrael46144/status/1910711302843940915","1757055193655447552","RIsrael46144"
"1910711287010779584","Fri Apr 11 15:07:24 +0000 2025","0","Salah kaprah mereka disana bertahan supaya tanahnya gak diambil israel eh ini pahlawan kesiangan sok mau nolongin tapi malah buka jalan buat israel menduduki al-quds. Kataku mending lu baca sejarahnya dulu baru bikin kebijakan.","1910711287010779584","","","in","Yogyakarta","0","0","0","https://x.com/LrsAlin/status/1910711287010779584","1598878984192036864","LrsAlin"
"1910408650512031831","Fri Apr 11 15:07:12 +0000 2025","0","@drpaulenenche @drbeckyenenche @dunamiswrldwide HalleluYah !","1910711234820763850","","drpaulenenche","in","","0","0","0","https://x.com/mousberi/status/1910711234820763850","2865507022","mousberi"
"1910708272853901608","Fri Apr 11 15:06:54 +0000 2025","0","USA jadi ISRAEL .. di wajibkan di kebiri penisnya jadi Wanita V RATU di suruh AUSTRALIA #NETtv","1910711158312731036","","abdulla71088263","in","jl.thamrin. jember. jawa timur","0","0","0","https://x.com/abdulla71088263/status/1910711158312731036","1541832736955981824","abdulla71088263"
"1910711064834228309","Fri Apr 11 15:06:31 +0000 2025","3","oiya selamat jumat malam ges tetap kawal dan tolak kebijakan presiden oon kita yang alih-alih mengutuk dan melawan genosida di palestina dengan skill geopolitiknya yang konon oke itu malah melanggengkan zionisme israel dgn menyetujui pemindahan korban ke indonesia","1910711064834228309","","","in","","0","0","0","https://x.com/fathoney_/status/1910711064834228309","1006251883231510528","fathoney_"
"1910642782844101112","Fri Apr 11 15:06:20 +0000 2025","0","@iamrejaaa @tanyarlfes membuat rakyat asli pergi dari tanah mereka itu sama aja dgn melakukan GENOSIDA yg artinya kalo mereka di evakuasi sama aja dgn membiarkan tanah palestina kosong dan Israel bisa mengambil tanah palestina. itu salah satu cara yg dilakuin US ke suku Indian dulu selain di bunuh¬≤in","1910711017136676942","","iamrejaaa","in","","0","0","0","https://x.com/captain_amerisa/status/1910711017136676942","1824694785791143936","captain_amerisa"
"1910537415951089898","Fri Apr 11 15:06:03 +0000 2025","0","@YahyaCStaquf Demo demo keluarin jamaahmu Kecamatan geruduk Israel Omon omon tok","1910710944285811202","","YahyaCStaquf","in","","0","0","0","https://x.com/123ardhan/status/1910710944285811202","1563082822008840193","123ardhan"
"1910557488669483193","Fri Apr 11 15:06:02 +0000 2025","4","@kesepian_ku @CORPSESLUNGS BIARIN BIARIN NDAS MU BIARIN secara ga langsung berarti prabowo itu pro israel lu juga ya?","1910710943740551487","","kesepian_ku","in","Palembang, South Sumatra","0","0","0","https://x.com/richm4tcha/status/1910710943740551487","1814295860400074752","richm4tcha"
"1910710636352593970","Fri Apr 11 15:04:49 +0000 2025","2","Karna elu yang ngomong justru yang dilakukan HARUS SEBALIKNYA! WARGA PALESTINA DI GAZA BERHAK TINGGAL DI TANAH AIRNYA SENDIRI! INDONESIA WAJIB MENDUKUNG APAPUN YANG DISUKAI WARGA PALESTINA BUKAN ISRAEL! #FreePalestine #BoycottNOW https://t.co/NnIc4So0ku","1910710636352593970","https://pbs.twimg.com/media/GoQ1MskbYAA0Y0G.jpg","","in","with Allah SWT","0","1","1","https://x.com/gearcloudy/status/1910710636352593970","1631819627587067904","gearcloudy"
"1910708272853901608","Fri Apr 11 15:03:31 +0000 2025","0","akal liciknya ISRAEL ngerti saya sejak dulu sampe sekarang Cari lobi sekutu sana sini #NETtv","1910710306848071730","","abdulla71088263","in","jl.thamrin. jember. jawa timur","0","1","0","https://x.com/abdulla71088263/status/1910710306848071730","1541832736955981824","abdulla71088263"
"1910710162706530543","Fri Apr 11 15:02:56 +0000 2025","0","mereka stay dan ngelawan penjajah ya emang buat mempertahankan negaranya sebagai warga negara ada opsi buat berentiin penjajahnya malah warga negaranya mau diusir pake embel-embel evakuasi ndut semoga ntar barengan deh satu kavling di neraka sama tentara israel","1910710162706530543","","","in","","0","0","0","https://x.com/florifleurs/status/1910710162706530543","1320483915358892032","florifleurs"
"1910710003281125736","Fri Apr 11 15:02:18 +0000 2025","0","Kalo beneran peduli tawarkan hal ini sejak awal (ketika Israel menunda genosidanya pertama kali isu relokasi berhembus). Bukan sekarang. Setelah terkena kebijakan tarrif Donald Trump.","1910710003281125736","","","in","Sidoarjo, Indonesia","0","0","0","https://x.com/gotzchu/status/1910710003281125736","1084350928881254400","gotzchu"
"1910206284860903843","Fri Apr 11 15:01:48 +0000 2025","1","@awesomeposted Yg lbh kejam lg smpe skrg tuh pengeboman palestina pembunuhan palestina oleh israel","1910709876273418571","","awesomeposted","in","","0","0","0","https://x.com/FlowerWrecker/status/1910709876273418571","1598444746707345408","FlowerWrecker"
"1910642782844101112","Fri Apr 11 15:01:47 +0000 2025","0","@iamrejaaa @tanyarlfes Ya lu pikir sendiri lah !!!! Gabakal ada pengembalian ini niat terselubung yg diinginkan israel klo warga gaza udh keluar gabisa masuk lagi itu kata trump !!!","1910709874184556885","","iamrejaaa","in","Your heart ","0","0","0","https://x.com/Yash_girll/status/1910709874184556885","1131136088204963840","Yash_girll"
"1910709852298412087","Fri Apr 11 15:01:42 +0000 2025","0","tengok muka orang israel depan2 ni nampak la muka syaitan dorang tu","1910709852298412087","","","in","","0","0","0","https://x.com/pakawangkot/status/1910709852298412087","1097029573902888960","pakawangkot"
"1910564104424788043","Fri Apr 11 15:01:32 +0000 2025","0","@decalcomaniwhat @Zhoran03 @aruleonn @KompasTV Israel: thx udh bantuin boo ","1910709807855890940","","decalcomaniwhat","in","","0","0","0","https://x.com/MomasCeline/status/1910709807855890940","1687386045577367552","MomasCeline"
